Age,Value,Wage,Reputation,Position2,Acceleration,Overall,Balance,Stamina,HeadingAccuracy,StandingTackle,SlidingTackle,Club,Body Type,Preferred Foot
31,110.5,565.0,5.0,Forward,91.0,94,95.0,72.0,70.0,28.0,26.0,FCB,Normal,Left
27,72.0,260.0,4.0,GoalKeeper,57.0,91,43.0,43.0,21.0,21.0,13.0,MUFC,Lean,Right
27,102.0,355.0,4.0,Midfield,78.0,91,77.0,90.0,55.0,58.0,51.0,MCFC,Normal,Right
27,93.0,340.0,4.0,Forward,94.0,91,94.0,83.0,61.0,27.0,22.0,CFC,Normal,Right
32,67.0,420.0,4.0,Midfield,80.0,91,94.0,89.0,55.0,76.0,73.0,RM,Lean,Right
31,80.0,455.0,5.0,Forward,86.0,91,83.0,90.0,77.0,45.0,38.0,FCB,Normal,Right
32,51.0,380.0,4.0,Defensive,76.0,91,66.0,84.0,91.0,92.0,91.0,RM,Normal,Right
25,68.0,94.0,3.0,GoalKeeper,43.0,90,49.0,41.0,15.0,12.0,18.0,Atleti,Normal,Right
28,76.5,355.0,4.0,Midfield,64.0,90,71.0,75.0,54.0,79.0,69.0,RM,Normal,Right
32,44.0,125.0,3.0,Defensive,68.0,90,54.0,66.0,92.0,89.0,89.0,Atleti,Lean,Right
32,60.0,285.0,4.0,Midfield,70.0,90,90.0,78.0,54.0,53.0,29.0,MCFC,Normal,Left
24,83.5,205.0,3.0,Forward,68.0,89,71.0,89.0,85.0,36.0,38.0,Spurs,Normal,Right
27,78.0,145.0,4.0,Midfield,88.0,89,80.0,83.0,84.0,47.0,48.0,Atleti,Lean,Left
26,58.0,240.0,3.0,GoalKeeper,38.0,89,43.0,35.0,11.0,13.0,10.0,FCB,Normal,Right
26,53.5,240.0,4.0,GoalKeeper,46.0,89,45.0,38.0,13.0,18.0,16.0,RM,Normal,Left
29,51.5,315.0,4.0,Midfield,50.0,89,52.0,86.0,68.0,86.0,80.0,FCB,Lean,Right
30,64.5,300.0,4.0,Forward,88.0,89,91.0,76.0,77.0,20.0,12.0,MCFC,Stocky,Right
26,69.5,255.0,3.0,Midfield,94.0,88,88.0,84.0,59.0,43.0,41.0,LFC,Normal,Left
26,59.5,285.0,3.0,Midfield,59.0,88,66.0,87.0,76.0,90.0,87.0,RM,Normal,Right
26,73.5,315.0,3.0,Forward,75.0,88,90.0,70.0,55.0,64.0,51.0,RM,Normal,Right
26,73.5,205.0,3.0,Midfield,75.0,88,81.0,92.0,52.0,57.0,22.0,Spurs,Lean,Right
26,69.5,340.0,3.0,Forward,89.0,88,93.0,79.0,48.0,54.0,47.0,FCB,Normal,Right
29,59.0,265.0,3.0,Midfield,93.0,88,70.0,76.0,79.0,25.0,36.0,AFC,Lean,Right
30,43.0,285.0,4.0,Defensive,83.0,88,86.0,91.0,75.0,85.0,86.0,RM,Normal,Left
28,60.0,355.0,4.0,Forward,94.0,88,65.0,75.0,84.0,55.0,52.0,RM,Lean,Left
31,36.0,150.0,4.0,GoalKeeper,65.0,88,54.0,41.0,10.0,10.0,18.0,Spurs,Lean,Left
24,57.0,205.0,3.0,Defensive,71.0,87,66.0,78.0,79.0,89.0,86.0,FCB,Normal,Left
25,64.0,210.0,4.0,Midfield,71.0,87,64.0,88.0,73.0,70.0,68.0,MUFC,Normal,Right
31,30.5,195.0,3.0,GoalKeeper,54.0,87,61.0,39.0,11.0,14.0,14.0,RM,Normal,Right
25,62.5,230.0,3.0,Forward,77.0,87,46.0,84.0,86.0,30.0,30.0,MUFC,Stocky,Left
28,52.0,115.0,3.0,Forward,78.0,87,63.0,80.0,81.0,33.0,32.0,Lazio,Normal,Right
29,38.0,250.0,3.0,Defensive,93.0,87,85.0,91.0,70.0,84.0,85.0,FCB,Normal,Left
31,34.0,155.0,3.0,Defensive,61.0,87,60.0,75.0,80.0,87.0,88.0,Spurs,Normal,Left
30,46.5,260.0,4.0,Midfield,66.0,87,66.0,84.0,58.0,74.0,70.0,FCB,Normal,Right
31,34.0,240.0,4.0,Defensive,49.0,87,36.0,65.0,83.0,86.0,84.0,FCB,Normal,Right
22,61.0,195.0,2.0,Forward,93.0,86,81.0,79.0,72.0,32.0,35.0,MCFC,Lean,Left
23,59.5,180.0,2.0,Forward,84.0,86,88.0,78.0,51.0,44.0,35.0,MCFC,Lean,Left
24,41.5,125.0,2.0,GoalKeeper,64.0,86,48.0,41.0,14.0,15.0,8.0,MCFC,Normal,Left
26,52.0,195.0,3.0,Midfield,95.0,86,86.0,84.0,62.0,42.0,38.0,LFC,Lean,Right
26,44.5,165.0,3.0,Defensive,74.0,86,49.0,71.0,82.0,89.0,84.0,LFC,Normal,Right
23,56.5,195.0,3.0,Forward,95.0,86,93.0,78.0,38.0,58.0,54.0,MCFC,Lean,Right
26,53.0,195.0,3.0,Midfield,78.0,86,81.0,90.0,77.0,64.0,42.0,LFC,Lean,Right
25,50.0,210.0,3.0,Defensive,83.0,86,40.0,73.0,83.0,88.0,87.0,RM,Lean,Right
29,43.5,100.0,4.0,Midfield,86.0,86,81.0,73.0,49.0,36.0,45.0,BVB,Lean,Right
28,35.0,175.0,3.0,Defensive,76.0,86,73.0,87.0,76.0,90.0,86.0,CFC,Normal,Right
29,39.0,150.0,3.0,Defensive,61.0,86,50.0,74.0,82.0,91.0,86.0,Spurs,Normal,Right
29,43.5,190.0,4.0,Midfield,72.0,86,70.0,69.0,54.0,16.0,19.0,AFC,Lean,Left
33,18.0,185.0,3.0,Midfield,68.0,86,78.0,79.0,63.0,85.0,80.0,MCFC,Lean,Right
23,50.5,73.0,2.0,Midfield,68.0,85,59.0,85.0,86.0,77.0,72.0,Lazio,Normal,Right
22,54.0,215.0,3.0,Forward,85.0,85,76.0,76.0,50.0,42.0,39.0,RM,Normal,Left
25,36.5,115.0,3.0,GoalKeeper,54.0,85,37.0,32.0,19.0,19.0,16.0,LFC,Normal,Right
23,50.5,77.0,3.0,Midfield,74.0,85,69.0,86.0,83.0,79.0,76.0,Atleti,Lean,Left
27,40.5,205.0,3.0,Forward,88.0,85,88.0,76.0,48.0,31.0,18.0,MCFC,Lean,Left
26,45.0,88.0,3.0,Midfield,71.0,85,78.0,90.0,61.0,69.0,51.0,Atleti,Normal,Right
27,45.0,180.0,3.0,Forward,81.0,85,85.0,79.0,73.0,42.0,30.0,AFC,Normal,Right
30,28.5,170.0,3.0,Defensive,57.0,85,62.0,67.0,85.0,85.0,84.0,MCFC,Normal,Right
29,37.0,66.0,2.0,Midfield,51.0,85,72.0,78.0,61.0,68.0,60.0,Valencia,Lean,Right
29,37.5,215.0,4.0,Forward,86.0,85,87.0,83.0,73.0,44.0,35.0,MUFC,Normal,Right
31,26.0,205.0,4.0,Midfield,60.0,85,75.0,83.0,82.0,87.0,86.0,FCB,Normal,Right
29,38.5,100.0,4.0,Forward,74.0,85,53.0,76.0,82.0,39.0,34.0,Atleti,Normal,Right
30,37.0,240.0,4.0,Forward,76.0,85,66.0,75.0,80.0,15.0,12.0,RM,Normal,Right
32,21.5,81.0,3.0,Defensive,76.0,85,62.0,89.0,72.0,84.0,86.0,Atleti,Lean,Left
32,22.0,170.0,4.0,Defensive,52.0,85,41.0,66.0,84.0,85.0,84.0,MCFC,Normal,Right
22,34.0,105.0,2.0,Defensive,72.0,84,55.0,76.0,80.0,85.0,88.0,Spurs,Normal,Right
23,34.0,63.0,2.0,Defensive,69.0,84,43.0,67.0,81.0,86.0,87.0,Atleti,Normal,Right
24,34.0,135.0,2.0,Defensive,62.0,84,55.0,67.0,85.0,86.0,87.0,MCFC,Normal,Left
22,42.5,165.0,3.0,Forward,88.0,84,81.0,75.0,69.0,39.0,36.0,MUFC,Normal,Right
22,42.5,115.0,3.0,Midfield,73.0,84,62.0,90.0,77.0,70.0,63.0,Spurs,Lean,Right
24,34.0,120.0,3.0,Midfield,69.0,84,67.0,92.0,75.0,86.0,84.0,LFC,Lean,Right
26,38.0,155.0,2.0,Midfield,75.0,84,73.0,79.0,56.0,78.0,70.0,CFC,Lean,Right
26,31.5,185.0,3.0,Defensive,79.0,84,79.0,84.0,70.0,83.0,85.0,RM,Stocky,Right
25,37.0,125.0,3.0,Midfield,88.0,84,76.0,85.0,65.0,34.0,33.0,Spurs,Lean,Right
26,27.0,115.0,3.0,GoalKeeper,46.0,84,44.0,43.0,13.0,15.0,18.0,AFC,Normal,Right
29,24.0,165.0,3.0,Midfield,52.0,84,50.0,84.0,74.0,84.0,75.0,MUFC,Lean,Left
28,24.5,165.0,3.0,Defensive,86.0,84,72.0,89.0,74.0,84.0,83.0,MCFC,Normal,Right
27,32.0,175.0,3.0,Midfield,67.0,84,78.0,69.0,50.0,68.0,64.0,MCFC,Normal,Right
29,30.5,175.0,3.0,Forward,91.0,84,79.0,85.0,31.0,57.0,51.0,CFC,Lean,Right
29,24.0,77.0,3.0,Midfield,67.0,84,60.0,86.0,80.0,79.0,85.0,BVB,Lean,Right
30,23.0,140.0,3.0,Defensive,64.0,84,64.0,69.0,85.0,87.0,85.0,AFC,Normal,Right
32,25.0,115.0,3.0,Forward,69.0,84,75.0,68.0,89.0,42.0,19.0,Monaco,Normal,Right
21,40.0,155.0,3.0,Forward,93.0,83,85.0,73.0,43.0,30.0,33.0,FCB,Lean,Left
21,41.0,130.0,2.0,Forward,87.0,83,91.0,84.0,74.0,23.0,19.0,MCFC,Normal,Right
23,34.0,120.0,2.0,Midfield,78.0,83,90.0,82.0,42.0,62.0,61.0,LFC,Lean,Right
22,35.5,64.0,3.0,Midfield,86.0,83,86.0,79.0,54.0,59.0,63.0,Atleti,Lean,Left
27,27.0,205.0,2.0,Forward,84.0,83,84.0,90.0,52.0,50.0,44.0,RM,Normal,Right
24,35.0,165.0,3.0,Midfield,84.0,83,85.0,82.0,42.0,75.0,63.0,CFC,Normal,Right
23,28.5,84.0,1.0,GoalKeeper,34.0,83,39.0,37.0,17.0,18.0,16.0,CFC,Lean,Right
24,25.0,78.0,1.0,GoalKeeper,53.0,83,55.0,45.0,15.0,20.0,12.0,Everton,Normal,Left
27,26.0,67.0,2.0,Defensive,55.0,83,49.0,58.0,85.0,83.0,84.0,Atleti,Lean,Right
24,28.5,125.0,2.0,Defensive,67.0,83,59.0,79.0,83.0,85.0,82.0,MCFC,Lean,Right
25,31.0,115.0,3.0,Midfield,94.0,83,90.0,75.0,50.0,43.0,51.0,Spurs,Normal,Right
28,24.5,180.0,2.0,Defensive,70.0,83,68.0,78.0,82.0,86.0,85.0,RM,Normal,Right
30,19.0,64.0,2.0,Defensive,65.0,83,35.0,81.0,80.0,87.0,85.0,Lazio,Normal,Left
26,26.5,170.0,3.0,Defensive,78.0,83,74.0,85.0,72.0,83.0,83.0,FCB,Normal,Right
27,30.5,57.0,2.0,Forward,88.0,83,77.0,78.0,80.0,41.0,40.0,Valencia,Lean,Left
28,21.0,41.0,2.0,GoalKeeper,53.0,83,49.0,39.0,14.0,14.0,15.0,Valencia,Lean,Right
28,21.0,42.0,2.0,GoalKeeper,47.0,83,43.0,39.0,16.0,18.0,14.0,Hoffenheim,Normal,Right
28,21.0,125.0,2.0,Midfield,76.0,83,80.0,89.0,69.0,89.0,84.0,Everton,Lean,Right
29,25.5,145.0,3.0,Midfield,84.0,83,85.0,83.0,53.0,53.0,55.0,AFC,Normal,Right
27,24.0,130.0,2.0,Defensive,69.0,83,58.0,90.0,83.0,82.0,79.0,CFC,Lean,Left
33,13.0,70.0,3.0,GoalKeeper,51.0,83,37.0,32.0,13.0,14.0,13.0,Monaco,Normal,Right
30,19.0,86.0,3.0,Defensive,50.0,83,51.0,67.0,85.0,85.0,82.0,Monaco,Normal,Right
31,17.5,130.0,4.0,Defensive,59.0,83,56.0,66.0,81.0,83.0,82.0,CFC,Normal,Right
30,24.5,160.0,3.0,Midfield,69.0,83,89.0,71.0,56.0,31.0,21.0,MUFC,Lean,Left
31,15.5,55.0,2.0,GoalKeeper,56.0,83,51.0,32.0,23.0,14.0,18.0,Atleti,Normal,Left
31,22.0,140.0,4.0,Midfield,56.0,83,75.0,56.0,74.0,59.0,58.0,CFC,Normal,Right
30,24.0,120.0,3.0,Midfield,72.0,83,76.0,70.0,70.0,82.0,70.0,Spurs,Normal,Left
22,29.0,59.0,1.0,Midfield,70.0,82,72.0,86.0,75.0,80.0,74.0,Atleti,Lean,Right
21,32.5,125.0,1.0,Midfield,68.0,82,86.0,78.0,58.0,76.0,70.0,FCB,Normal,Right
23,29.5,59.0,3.0,Midfield,95.0,82,92.0,87.0,51.0,46.0,36.0,Atleti,Lean,Right
21,29.0,36.0,1.0,Midfield,89.0,82,78.0,81.0,60.0,34.0,30.0,Valencia,Normal,Right
22,25.0,98.0,2.0,Midfield,81.0,82,93.0,85.0,55.0,84.0,75.0,AFC,Normal,Right
21,31.5,140.0,2.0,Forward,87.0,82,84.0,74.0,57.0,28.0,17.0,FCB,Normal,Left
22,25.5,53.0,1.0,Defensive,80.0,82,67.0,82.0,83.0,83.0,86.0,Atleti,Normal,Left
23,26.0,135.0,1.0,Defensive,72.0,82,60.0,73.0,78.0,82.0,81.0,FCB,Lean,Left
27,26.0,54.0,2.0,Midfield,78.0,82,82.0,76.0,69.0,20.0,26.0,Hoffenheim,Normal,Right
24,24.5,98.0,1.0,Defensive,81.0,82,74.0,89.0,63.0,81.0,78.0,LFC,Lean,Left
25,25.5,59.0,1.0,Midfield,73.0,82,53.0,87.0,68.0,83.0,80.0,Atleti,Lean,Right
25,26.5,140.0,1.0,Midfield,77.0,82,87.0,87.0,55.0,78.0,69.0,MUFC,Lean,Left
25,26.5,140.0,2.0,Midfield,84.0,82,86.0,87.0,64.0,50.0,44.0,MUFC,Lean,Right
25,22.5,110.0,2.0,Defensive,67.0,82,50.0,60.0,80.0,85.0,82.0,CFC,Lean,Right
25,27.5,46.0,2.0,Midfield,69.0,82,67.0,85.0,75.0,83.0,82.0,Valencia,Lean,Left
25,29.5,165.0,2.0,Midfield,71.0,82,80.0,67.0,55.0,74.0,66.0,FCB,Normal,Left
27,21.0,44.0,2.0,Defensive,71.0,82,67.0,72.0,81.0,83.0,83.0,Valencia,Lean,Right
25,28.5,135.0,3.0,Forward,76.0,82,60.0,68.0,86.0,14.0,20.0,CFC,Normal,Right
29,18.0,135.0,3.0,GoalKeeper,54.0,82,50.0,40.0,12.0,12.0,11.0,FCB,Normal,Right
25,28.5,67.0,2.0,Forward,77.0,82,74.0,73.0,49.0,25.0,18.0,Lazio,Lean,Right
26,21.5,61.0,2.0,Midfield,76.0,82,74.0,90.0,83.0,82.0,81.0,BVB,Normal,Left
26,27.0,67.0,4.0,Midfield,74.0,82,85.0,73.0,51.0,53.0,57.0,BVB,Normal,Right
26,22.5,115.0,3.0,Defensive,58.0,82,67.0,68.0,81.0,82.0,82.0,AFC,Normal,Right
30,21.0,140.0,3.0,Forward,79.0,82,80.0,70.0,55.0,32.0,31.0,CFC,Lean,Right
27,18.5,50.0,3.0,GoalKeeper,44.0,82,52.0,36.0,17.0,13.0,16.0,BVB,Normal,Right
27,25.0,130.0,3.0,Midfield,64.0,82,74.0,89.0,58.0,70.0,67.0,AFC,Lean,Right
27,18.5,99.0,2.0,Defensive,76.0,82,74.0,88.0,73.0,82.0,79.0,Spurs,Normal,Right
28,22.5,125.0,3.0,Midfield,58.0,82,63.0,86.0,60.0,57.0,55.0,Everton,Normal,Right
28,18.0,125.0,2.0,Midfield,67.0,82,70.0,91.0,65.0,79.0,76.0,LFC,Normal,Right
33,9.0,59.0,2.0,Midfield,68.0,82,71.0,88.0,75.0,80.0,82.0,Lazio,Lean,Right
27,23.0,130.0,3.0,Midfield,77.0,82,81.0,85.0,72.0,75.0,65.0,LFC,Lean,Right
31,20.0,140.0,3.0,Forward,43.0,82,54.0,62.0,90.0,37.0,20.0,CFC,Normal,Left
31,15.0,44.0,3.0,Defensive,34.0,82,34.0,62.0,80.0,83.0,81.0,Valencia,Normal,Right
32,12.5,115.0,3.0,Defensive,64.0,82,61.0,62.0,80.0,84.0,83.0,AFC,Lean,Right
36,3.0,60.0,4.0,GoalKeeper,35.0,82,34.0,32.0,19.0,13.0,12.0,AFC,Normal,Left
20,27.0,110.0,2.0,Forward,90.0,81,77.0,79.0,71.0,40.0,33.0,MUFC,Lean,Right
22,21.0,49.0,2.0,Defensive,72.0,81,66.0,76.0,75.0,84.0,80.0,BVB,Normal,Right
24,20.0,125.0,2.0,Defensive,91.0,81,83.0,91.0,58.0,78.0,79.0,FCB,Lean,Right
24,21.0,105.0,2.0,Defensive,68.0,81,62.0,72.0,79.0,82.0,83.0,MUFC,Normal,Right
21,25.0,120.0,1.0,Midfield,73.0,81,79.0,75.0,41.0,75.0,74.0,RM,Normal,Right
23,24.5,54.0,1.0,Midfield,87.0,81,83.0,74.0,67.0,53.0,44.0,Atleti,Lean,Right
22,21.5,91.0,2.0,Defensive,66.0,81,61.0,69.0,80.0,86.0,84.0,CFC,Lean,Right
23,17.0,36.0,1.0,GoalKeeper,41.0,81,47.0,23.0,11.0,18.0,12.0,Lazio,Lean,Right
24,24.0,54.0,3.0,Midfield,82.0,81,86.0,72.0,52.0,70.0,77.0,BVB,Normal,Left
25,18.5,87.0,2.0,Defensive,76.0,81,68.0,85.0,69.0,83.0,82.0,Spurs,Lean,Left
23,20.0,105.0,2.0,Defensive,77.0,81,70.0,81.0,65.0,79.0,81.0,MCFC,Normal,Left
24,23.5,59.0,2.0,Forward,82.0,81,84.0,65.0,77.0,21.0,26.0,BVB,Normal,Right
28,18.0,65.0,2.0,Midfield,78.0,81,63.0,80.0,65.0,21.0,23.0,Atleti,Normal,Right
28,16.0,115.0,2.0,Defensive,54.0,81,41.0,68.0,80.0,83.0,85.0,LFC,Normal,Right
26,19.0,130.0,3.0,Midfield,84.0,81,91.0,75.0,45.0,49.0,48.0,LFC,Normal,Left
26,17.5,42.0,2.0,Defensive,66.0,81,47.0,74.0,79.0,80.0,78.0,Hoffenheim,Normal,Right
28,17.5,140.0,3.0,Midfield,75.0,81,78.0,87.0,58.0,80.0,77.0,MUFC,Lean,Right
28,16.0,130.0,3.0,Defensive,61.0,81,45.0,71.0,82.0,82.0,80.0,MUFC,Lean,Right
29,17.5,65.0,3.0,Midfield,74.0,81,88.0,82.0,48.0,53.0,49.0,BVB,Lean,Right
28,16.0,59.0,3.0,Defensive,71.0,81,61.0,67.0,80.0,83.0,83.0,BVB,Normal,Right
33,7.0,57.0,3.0,Defensive,74.0,81,66.0,77.0,74.0,82.0,79.0,BVB,Normal,Right
29,17.0,46.0,2.0,Defensive,74.0,81,63.0,90.0,67.0,74.0,69.0,Valencia,Lean,Right
26,21.0,105.0,2.0,Midfield,76.0,81,74.0,78.0,69.0,51.0,42.0,Spurs,Lean,Left
27,14.5,92.0,3.0,Defensive,79.0,81,76.0,78.0,62.0,83.0,84.0,Spurs,Normal,Left
32,10.0,120.0,2.0,Midfield,82.0,81,78.0,79.0,62.0,82.0,79.0,MUFC,Stocky,Right
32,13.5,120.0,2.0,Midfield,63.0,81,73.0,91.0,66.0,80.0,79.0,LFC,Stocky,Right
21,21.0,31.0,1.0,Midfield,75.0,80,70.0,78.0,56.0,65.0,56.0,Valencia,Lean,Right
22,18.5,115.0,1.0,Defensive,80.0,80,79.0,80.0,73.0,79.0,80.0,RM,Lean,Right
24,20.0,140.0,1.0,Forward,84.0,80,72.0,81.0,82.0,40.0,34.0,RM,Normal,Right
22,20.0,50.0,2.0,Midfield,78.0,80,84.0,89.0,43.0,64.0,59.0,BVB,Lean,Right
22,20.0,65.0,2.0,Midfield,83.0,80,86.0,70.0,38.0,28.0,27.0,Monaco,Stocky,Left
22,20.0,40.0,1.0,Forward,77.0,80,75.0,75.0,76.0,46.0,49.0,Valencia,Normal,Right
24,19.5,37.0,2.0,Midfield,67.0,80,77.0,74.0,46.0,59.0,53.0,Hoffenheim,Lean,Left
23,16.5,33.0,2.0,Defensive,86.0,80,83.0,83.0,52.0,78.0,80.0,Valencia,Lean,Left
25,15.5,88.0,2.0,Defensive,58.0,80,62.0,68.0,81.0,82.0,80.0,Everton,Normal,Right
22,16.5,96.0,2.0,Defensive,83.0,80,74.0,77.0,70.0,80.0,78.0,MUFC,Stocky,Left
24,19.0,41.0,1.0,Forward,68.0,80,53.0,72.0,80.0,51.0,46.0,Frankfurt,Normal,Right
25,17.5,97.0,2.0,Midfield,94.0,80,96.0,68.0,59.0,39.0,25.0,Everton,Lean,Right
24,19.5,105.0,2.0,Forward,77.0,80,76.0,66.0,75.0,26.0,22.0,Valencia,Normal,Right
23,16.5,85.0,3.0,Defensive,94.0,80,77.0,84.0,60.0,78.0,80.0,AFC,Lean,Right
26,14.0,39.0,2.0,Defensive,78.0,80,66.0,86.0,71.0,79.0,76.0,Hoffenheim,Normal,Right
24,16.5,73.0,2.0,Midfield,62.0,80,38.0,78.0,82.0,81.0,83.0,Spurs,Normal,Right
26,16.0,38.0,2.0,Defensive,75.0,80,72.0,72.0,76.0,80.0,82.0,Valencia,Normal,Right
29,11.5,53.0,2.0,Midfield,55.0,80,64.0,79.0,66.0,78.0,76.0,Lazio,Lean,Right
25,14.5,37.0,1.0,Defensive,88.0,80,73.0,79.0,54.0,76.0,77.0,Hoffenheim,Normal,Left
24,16.0,79.0,2.0,Defensive,76.0,80,79.0,79.0,68.0,77.0,82.0,Everton,Lean,Left
24,19.5,94.0,2.0,Midfield,84.0,80,88.0,82.0,39.0,70.0,66.0,LFC,Stocky,Right
25,15.5,82.0,2.0,Defensive,79.0,80,76.0,77.0,75.0,81.0,82.0,Spurs,Normal,Right
26,15.0,99.0,2.0,Defensive,55.0,80,47.0,73.0,82.0,84.0,78.0,LFC,Lean,Right
27,11.5,61.0,2.0,GoalKeeper,45.0,80,37.0,45.0,11.0,14.0,10.0,Frankfurt,Normal,Right
27,14.5,86.0,2.0,Midfield,54.0,80,65.0,78.0,71.0,85.0,77.0,Spurs,Normal,Right
28,11.5,120.0,2.0,Defensive,75.0,80,86.0,87.0,60.0,81.0,79.0,MCFC,Lean,Left
30,13.5,110.0,3.0,Midfield,70.0,80,75.0,77.0,67.0,64.0,62.0,LFC,Lean,Right
29,11.0,97.0,2.0,Defensive,77.0,80,74.0,77.0,69.0,84.0,82.0,Everton,Normal,Right
32,8.0,99.0,2.0,Defensive,72.0,80,73.0,74.0,72.0,83.0,81.0,AFC,Lean,Left
31,13.5,45.0,3.0,Forward,86.0,80,77.0,75.0,67.0,33.0,39.0,Valencia,Normal,Right
31,9.0,91.0,3.0,GoalKeeper,47.0,80,44.0,35.0,12.0,11.0,15.0,MUFC,Normal,Right
28,15.5,125.0,3.0,Forward,72.0,80,64.0,55.0,70.0,24.0,12.0,LFC,Normal,Left
31,10.0,51.0,2.0,Defensive,70.0,80,67.0,69.0,70.0,86.0,85.0,Lazio,Normal,Left
32,8.5,99.0,3.0,Defensive,42.0,80,47.0,61.0,85.0,82.0,81.0,CFC,Normal,Right
33,5.5,53.0,3.0,Defensive,74.0,80,63.0,80.0,59.0,81.0,80.0,Atleti,Lean,Right
21,18.0,79.0,1.0,Forward,83.0,79,74.0,78.0,75.0,44.0,36.0,Everton,Normal,Right
19,18.0,26.0,3.0,Midfield,93.0,79,89.0,74.0,46.0,30.0,41.0,BVB,Lean,Right
23,16.0,110.0,1.0,Midfield,61.0,79,66.0,75.0,61.0,79.0,72.0,RM,Lean,Right
22,15.0,43.0,2.0,Defensive,75.0,79,69.0,76.0,81.0,80.0,78.0,BVB,Lean,Left
22,17.0,61.0,1.0,Midfield,80.0,79,78.0,85.0,38.0,75.0,66.0,Monaco,Lean,Right
22,14.5,43.0,3.0,Midfield,72.0,79,65.0,80.0,63.0,78.0,73.0,BVB,Lean,Right
23,14.5,91.0,2.0,Defensive,68.0,79,63.0,75.0,76.0,80.0,77.0,MUFC,Lean,Right
24,16.0,39.0,1.0,Midfield,83.0,79,66.0,80.0,71.0,50.0,25.0,Frankfurt,Normal,Right
24,17.0,53.0,2.0,Forward,84.0,79,75.0,68.0,54.0,48.0,39.0,BVB,Lean,Right
26,12.5,94.0,2.0,Defensive,74.0,79,73.0,87.0,69.0,78.0,79.0,CFC,Lean,Right
25,13.0,89.0,2.0,Defensive,68.0,79,55.0,79.0,74.0,81.0,80.0,AFC,Stocky,Left
24,17.5,120.0,2.0,Midfield,77.0,79,76.0,72.0,44.0,59.0,42.0,FCB,Lean,Right
23,14.0,80.0,2.0,Defensive,60.0,79,52.0,63.0,77.0,78.0,79.0,Everton,Normal,Right
24,16.0,35.0,2.0,Midfield,90.0,79,90.0,78.0,45.0,55.0,55.0,Hoffenheim,Lean,Right
28,10.0,115.0,3.0,Defensive,68.0,79,63.0,68.0,79.0,81.0,79.0,MUFC,Normal,Left
25,12.0,61.0,2.0,Defensive,78.0,79,69.0,91.0,72.0,76.0,77.0,Monaco,Normal,Right
25,14.5,98.0,2.0,Midfield,62.0,79,59.0,76.0,74.0,73.0,68.0,CFC,Lean,Right
26,12.0,110.0,2.0,Defensive,73.0,79,65.0,82.0,69.0,77.0,78.0,MCFC,Lean,Right
24,16.0,89.0,2.0,Midfield,69.0,79,58.0,69.0,65.0,58.0,51.0,CFC,Normal,Right
26,12.0,110.0,2.0,Defensive,54.0,79,59.0,64.0,78.0,81.0,82.0,MUFC,Normal,Right
27,14.5,105.0,2.0,Forward,72.0,79,66.0,73.0,82.0,34.0,15.0,Everton,Normal,Right
27,11.5,94.0,2.0,Defensive,77.0,79,75.0,76.0,68.0,81.0,82.0,LFC,Normal,Right
30,8.0,41.0,2.0,GoalKeeper,41.0,79,31.0,39.0,18.0,15.0,14.0,BVB,Normal,Right
28,10.0,39.0,2.0,Defensive,54.0,79,48.0,63.0,85.0,84.0,79.0,Hoffenheim,Normal,Left
27,12.0,36.0,2.0,Midfield,70.0,79,81.0,78.0,60.0,80.0,79.0,Valencia,Normal,Right
28,12.5,110.0,2.0,Midfield,63.0,79,76.0,77.0,61.0,76.0,73.0,CFC,Normal,Right
30,12.0,60.0,3.0,Forward,67.0,79,58.0,71.0,78.0,32.0,28.0,Atleti,Lean,Right
28,13.0,79.0,3.0,Forward,68.0,79,68.0,68.0,74.0,32.0,30.0,Monaco,Normal,Right
31,7.5,105.0,2.0,GoalKeeper,32.0,79,58.0,43.0,13.0,15.0,11.0,RM,Normal,Right
28,10.0,92.0,2.0,Midfield,58.0,79,69.0,79.0,69.0,78.0,77.0,Everton,Lean,Right
30,11.5,120.0,3.0,Midfield,41.0,79,49.0,75.0,93.0,77.0,60.0,MUFC,Lean,Right
30,8.0,76.0,3.0,GoalKeeper,50.0,79,52.0,31.0,16.0,14.0,16.0,LFC,Normal,Right
29,12.5,105.0,3.0,Midfield,89.0,79,77.0,69.0,58.0,39.0,36.0,Everton,Lean,Right
31,8.5,37.0,2.0,Defensive,76.0,79,55.0,68.0,78.0,83.0,78.0,Frankfurt,Normal,Right
32,7.0,110.0,2.0,Defensive,77.0,79,76.0,75.0,57.0,76.0,74.0,MUFC,Lean,Right
34,3.6,94.0,3.0,Defensive,65.0,79,77.0,76.0,70.0,80.0,80.0,AFC,Lean,Right
19,12.5,49.0,1.0,Defensive,89.0,78,75.0,84.0,64.0,73.0,75.0,BVB,Normal,Right
20,15.5,12.0,1.0,Forward,75.0,78,65.0,69.0,76.0,26.0,16.0,Frankfurt,Normal,Right
19,14.0,36.0,1.0,Defensive,82.0,78,74.0,79.0,59.0,76.0,74.0,LFC,Lean,Right
21,14.5,27.0,1.0,Midfield,77.0,78,76.0,77.0,43.0,57.0,46.0,Hoffenheim,Normal,Right
21,13.5,81.0,1.0,Defensive,67.0,78,69.0,66.0,74.0,78.0,81.0,RM,Lean,Right
21,14.5,61.0,1.0,Defensive,80.0,78,66.0,74.0,68.0,80.0,77.0,LFC,Normal,Right
25,12.5,46.0,1.0,Midfield,86.0,78,67.0,79.0,72.0,71.0,72.0,Lazio,Normal,Right
23,12.5,68.0,1.0,Defensive,45.0,78,34.0,79.0,86.0,79.0,75.0,Everton,Normal,Right
26,10.0,44.0,2.0,Defensive,73.0,78,76.0,65.0,74.0,80.0,77.0,Lazio,Normal,Right
21,16.0,47.0,2.0,Midfield,52.0,78,76.0,73.0,57.0,72.0,69.0,Monaco,Normal,Right
25,11.0,55.0,2.0,Defensive,70.0,78,58.0,67.0,78.0,80.0,77.0,Monaco,Lean,Right
23,14.0,42.0,1.0,Midfield,76.0,78,61.0,75.0,43.0,37.0,26.0,Lazio,Lean,Right
22,14.0,81.0,1.0,Midfield,80.0,78,75.0,74.0,42.0,26.0,23.0,AFC,Normal,Right
22,14.0,91.0,1.0,Midfield,78.0,78,78.0,75.0,56.0,65.0,63.0,MUFC,Lean,Right
26,10.5,46.0,2.0,Defensive,84.0,78,77.0,90.0,67.0,76.0,77.0,Atleti,Normal,Right
28,10.5,66.0,2.0,Midfield,74.0,78,54.0,75.0,67.0,48.0,44.0,Monaco,Normal,Right
27,11.0,105.0,2.0,Forward,79.0,78,82.0,85.0,70.0,74.0,71.0,CFC,Normal,Right
35,2.4,50.0,3.0,GoalKeeper,58.0,78,62.0,41.0,18.0,18.0,19.0,MCFC,Normal,Right
31,7.0,44.0,2.0,Defensive,76.0,78,74.0,69.0,76.0,78.0,77.0,Lazio,Lean,Right
27,9.5,95.0,3.0,Forward,76.0,77,62.0,74.0,78.0,38.0,33.0,AFC,Normal,Right
33,3.4,74.0,3.0,Defensive,66.0,77,83.0,64.0,74.0,78.0,77.0,Everton,Normal,Left
25,9.0,76.0,1.0,Midfield,58.0,77,62.0,92.0,57.0,74.0,72.0,AFC,Lean,Right
30,8.5,34.0,2.0,Midfield,84.0,77,83.0,73.0,56.0,49.0,37.0,Frankfurt,Lean,Right
28,7.0,33.0,2.0,Defensive,74.0,77,52.0,79.0,74.0,79.0,79.0,Frankfurt,Normal,Right
34,3.6,44.0,3.0,GoalKeeper,42.0,77,47.0,43.0,15.0,13.0,14.0,Monaco,Normal,Right
18,14.5,22.0,1.0,Midfield,88.0,77,87.0,66.0,38.0,33.0,36.0,BVB,Lean,Right
33,3.4,41.0,2.0,Defensive,74.0,77,68.0,77.0,72.0,77.0,75.0,Lazio,Normal,Right
22,12.5,115.0,2.0,Forward,78.0,77,78.0,69.0,75.0,24.0,22.0,FCB,Lean,Left
27,7.5,74.0,2.0,Midfield,60.0,77,70.0,69.0,63.0,76.0,75.0,Everton,Normal,Right
28,9.0,79.0,2.0,Midfield,79.0,77,58.0,87.0,70.0,75.0,71.0,Spurs,Normal,Right
24,10.5,26.0,1.0,Defensive,68.0,77,74.0,69.0,73.0,78.0,77.0,Valencia,Normal,Right
34,2.7,31.0,2.0,Defensive,53.0,77,72.0,70.0,66.0,79.0,80.0,Frankfurt,Lean,Right
23,10.0,35.0,2.0,Defensive,66.0,77,40.0,54.0,77.0,79.0,78.0,Lazio,Lean,Right
32,5.0,110.0,3.0,Defensive,67.0,77,56.0,52.0,81.0,79.0,80.0,FCB,Normal,Left
25,11.0,33.0,1.0,Midfield,74.0,77,79.0,72.0,47.0,31.0,30.0,Hoffenheim,Normal,Right
30,6.5,43.0,2.0,Defensive,74.0,77,63.0,82.0,68.0,78.0,80.0,BVB,Normal,Left
23,12.0,83.0,2.0,Forward,76.0,77,64.0,65.0,73.0,24.0,18.0,LFC,Normal,Right
27,9.5,31.0,2.0,Midfield,77.0,77,74.0,65.0,54.0,55.0,52.0,Valencia,Lean,Left
29,9.0,51.0,2.0,Forward,69.0,77,67.0,54.0,75.0,44.0,47.0,Lazio,Stocky,Left
35,2.1,53.0,2.0,Defensive,40.0,77,61.0,50.0,77.0,77.0,76.0,Everton,Normal,Right
22,13.0,76.0,1.0,Midfield,68.0,77,67.0,75.0,58.0,67.0,61.0,CFC,Normal,Right
23,12.0,41.0,2.0,Midfield,83.0,77,67.0,86.0,60.0,54.0,50.0,BVB,Lean,Right
23,11.5,39.0,2.0,Midfield,89.0,77,79.0,76.0,62.0,74.0,72.0,Lazio,Stocky,Left
21,11.0,22.0,1.0,Defensive,57.0,77,33.0,75.0,85.0,77.0,70.0,Valencia,Lean,Right
24,9.0,27.0,1.0,Midfield,77.0,77,61.0,79.0,70.0,77.0,73.0,Frankfurt,Normal,Right
25,10.5,16.0,2.0,Midfield,89.0,77,72.0,74.0,48.0,34.0,47.0,Frankfurt,Normal,Left
22,13.0,66.0,1.0,Midfield,75.0,77,78.0,78.0,50.0,71.0,64.0,Spurs,Normal,Right
28,9.0,36.0,2.0,Midfield,69.0,77,86.0,71.0,61.0,38.0,34.0,Frankfurt,Normal,Right
17,17.5,66.0,1.0,Forward,92.0,77,82.0,79.0,50.0,25.0,18.0,RM,Lean,Right
34,3.6,56.0,2.0,GoalKeeper,53.0,77,53.0,36.0,17.0,11.0,14.0,Spurs,Normal,Right
25,9.0,29.0,1.0,Defensive,74.0,77,65.0,81.0,64.0,80.0,78.0,Valencia,Normal,Right
22,11.5,30.0,2.0,Midfield,55.0,77,64.0,69.0,61.0,69.0,50.0,Hoffenheim,Lean,Right
25,9.0,76.0,2.0,Defensive,85.0,77,87.0,81.0,61.0,73.0,76.0,LFC,Normal,Left
21,9.0,50.0,1.0,Defensive,68.0,76,57.0,70.0,73.0,78.0,77.0,Everton,Lean,Right
27,7.5,40.0,2.0,Midfield,69.0,76,74.0,68.0,66.0,77.0,77.0,BVB,Normal,Right
25,9.5,40.0,2.0,Midfield,83.0,76,69.0,86.0,42.0,56.0,54.0,Lazio,Normal,Right
23,11.0,12.0,1.0,Midfield,78.0,76,76.0,73.0,47.0,43.0,42.0,Frankfurt,Normal,Right
27,8.0,32.0,1.0,Midfield,70.0,76,80.0,79.0,45.0,72.0,69.0,Hoffenheim,Normal,Right
36,1.0,39.0,2.0,GoalKeeper,43.0,76,55.0,37.0,22.0,11.0,12.0,CFC,Normal,Right
27,7.5,84.0,2.0,Defensive,59.0,76,60.0,64.0,77.0,79.0,79.0,MCFC,Normal,Left
28,6.0,88.0,2.0,Defensive,73.0,76,76.0,75.0,68.0,79.0,78.0,MUFC,Lean,Right
33,4.8,76.0,3.0,Forward,29.0,76,30.0,44.0,90.0,25.0,15.0,Spurs,Normal,Right
35,1.8,20.0,2.0,GoalKeeper,48.0,76,61.0,27.0,14.0,11.0,17.0,Lazio,Lean,Right
28,7.0,31.0,2.0,Defensive,48.0,76,58.0,73.0,77.0,77.0,76.0,Hoffenheim,Normal,Right
26,7.5,29.0,1.0,Midfield,78.0,76,67.0,79.0,72.0,73.0,68.0,Hoffenheim,Normal,Right
28,6.0,31.0,2.0,Defensive,53.0,76,61.0,61.0,74.0,76.0,74.0,Hoffenheim,Normal,Right
24,8.5,25.0,1.0,Defensive,65.0,76,59.0,69.0,71.0,79.0,76.0,Frankfurt,Normal,Right
30,7.0,32.0,2.0,Midfield,75.0,76,85.0,77.0,52.0,54.0,50.0,Frankfurt,Normal,Right
26,9.5,35.0,2.0,Forward,68.0,76,41.0,75.0,75.0,39.0,15.0,Hoffenheim,Lean,Right
24,8.0,25.0,2.0,Defensive,79.0,76,83.0,75.0,67.0,73.0,72.0,Frankfurt,Stocky,Left
24,8.5,33.0,1.0,Defensive,79.0,76,91.0,91.0,70.0,69.0,73.0,Lazio,Stocky,Left
27,6.0,23.0,1.0,GoalKeeper,58.0,76,59.0,45.0,16.0,12.0,22.0,Valencia,Normal,Right
25,9.5,40.0,1.0,Midfield,77.0,76,76.0,68.0,49.0,55.0,43.0,Lazio,Normal,Right
22,9.5,64.0,1.0,Defensive,58.0,76,67.0,68.0,75.0,78.0,76.0,AFC,Lean,Right
30,7.5,35.0,2.0,Forward,45.0,76,59.0,65.0,84.0,41.0,13.0,Hoffenheim,Normal,Right
21,9.5,36.0,2.0,Defensive,78.0,76,71.0,75.0,59.0,74.0,70.0,Monaco,Lean,Right
23,7.0,61.0,2.0,Defensive,77.0,75,72.0,74.0,60.0,69.0,70.0,CFC,Lean,Left
25,6.5,21.0,1.0,GoalKeeper,48.0,75,40.0,32.0,12.0,11.0,13.0,Frankfurt,Lean,Right
23,7.5,42.0,1.0,Defensive,78.0,75,78.0,78.0,65.0,74.0,72.0,Monaco,Lean,Left
34,2.0,48.0,2.0,Defensive,51.0,75,58.0,64.0,75.0,73.0,75.0,Monaco,Normal,Right
23,9.0,58.0,1.0,Midfield,89.0,75,89.0,64.0,49.0,37.0,42.0,Spurs,Lean,Right
21,9.0,25.0,1.0,Forward,77.0,75,69.0,69.0,72.0,44.0,38.0,Hoffenheim,Normal,Right
20,10.0,54.0,1.0,Midfield,69.0,75,72.0,74.0,57.0,69.0,66.0,Everton,Lean,Right
23,9.5,29.0,1.0,Forward,62.0,75,74.0,75.0,68.0,30.0,23.0,Frankfurt,Normal,Right
19,9.0,16.0,1.0,Defensive,52.0,75,34.0,61.0,77.0,81.0,75.0,BVB,Stocky,Left
23,8.0,24.0,1.0,Defensive,69.0,75,51.0,67.0,70.0,78.0,76.0,Hoffenheim,Normal,Right
21,10.0,39.0,1.0,Midfield,73.0,75,68.0,70.0,58.0,68.0,67.0,Monaco,Normal,Right
23,8.5,35.0,2.0,Midfield,74.0,75,75.0,68.0,60.0,69.0,68.0,Lazio,Lean,Right
23,9.0,26.0,1.0,Midfield,78.0,75,79.0,77.0,47.0,64.0,65.0,Frankfurt,Lean,Right
28,7.0,82.0,1.0,Forward,78.0,75,67.0,74.0,74.0,23.0,24.0,Everton,Lean,Right
26,6.5,48.0,1.0,Midfield,63.0,75,63.0,77.0,65.0,75.0,73.0,Monaco,Normal,Right
31,4.5,28.0,2.0,Midfield,66.0,75,67.0,90.0,63.0,74.0,69.0,Frankfurt,Lean,Right
24,8.5,64.0,2.0,Forward,60.0,75,66.0,57.0,74.0,23.0,22.0,Spurs,Normal,Left
23,7.0,22.0,1.0,Midfield,65.0,74,39.0,82.0,75.0,73.0,68.0,Frankfurt,Lean,Right
20,7.5,18.0,1.0,Midfield,54.0,74,52.0,76.0,70.0,76.0,73.0,Valencia,Lean,Right
22,6.5,38.0,1.0,Defensive,72.0,74,64.0,76.0,69.0,76.0,74.0,Monaco,Normal,Right
21,9.0,55.0,1.0,Forward,78.0,74,64.0,75.0,75.0,31.0,23.0,Everton,Lean,Right
21,7.5,24.0,1.0,Defensive,72.0,74,46.0,55.0,65.0,78.0,77.0,Lazio,Lean,Right
20,7.5,18.0,1.0,Defensive,82.0,74,80.0,75.0,68.0,72.0,74.0,Valencia,Normal,Left
21,9.5,36.0,1.0,Midfield,89.0,74,89.0,69.0,58.0,39.0,47.0,Monaco,Normal,Right
23,6.0,30.0,2.0,Defensive,89.0,74,70.0,77.0,50.0,74.0,73.0,BVB,Lean,Right
26,5.0,46.0,1.0,GoalKeeper,63.0,74,49.0,45.0,14.0,20.0,11.0,Spurs,Lean,Right
22,7.5,24.0,2.0,Midfield,67.0,74,86.0,68.0,47.0,68.0,57.0,Frankfurt,Normal,Right
24,6.0,22.0,1.0,Defensive,89.0,74,69.0,79.0,66.0,69.0,76.0,Hoffenheim,Lean,Right
24,7.0,62.0,2.0,Midfield,82.0,74,75.0,49.0,58.0,39.0,37.0,LFC,Lean,Right
19,9.5,18.0,1.0,Midfield,81.0,74,73.0,72.0,61.0,55.0,43.0,BVB,Normal,Right
19,8.5,46.0,1.0,Midfield,69.0,74,64.0,68.0,48.0,67.0,50.0,RM,Normal,Right
26,6.0,26.0,1.0,Defensive,65.0,74,48.0,66.0,73.0,75.0,69.0,Frankfurt,Stocky,Left
35,1.3,39.0,1.0,GoalKeeper,52.0,74,56.0,39.0,14.0,13.0,19.0,MUFC,Normal,Right
32,2.3,24.0,2.0,Defensive,32.0,73,42.0,39.0,80.0,75.0,73.0,Frankfurt,Normal,Right
18,7.0,12.0,1.0,Midfield,77.0,73,66.0,63.0,50.0,24.0,28.0,Valencia,Lean,Right
35,950.0,30.0,2.0,GoalKeeper,30.0,73,27.0,30.0,14.0,15.0,14.0,Everton,Lean,Right
18,8.0,36.0,1.0,Midfield,78.0,73,86.0,70.0,47.0,58.0,47.0,MCFC,Lean,Left
23,5.0,20.0,1.0,Defensive,64.0,73,40.0,72.0,72.0,77.0,66.0,Hoffenheim,Normal,Right
23,4.8,69.0,1.0,Midfield,55.0,73,70.0,65.0,48.0,71.0,62.0,FCB,Lean,Right
20,7.0,46.0,1.0,Midfield,86.0,73,80.0,63.0,49.0,24.0,25.0,Everton,Lean,Right
20,4.3,26.0,1.0,Defensive,79.0,72,72.0,76.0,62.0,69.0,72.0,Monaco,Normal,Right
21,3.7,35.0,1.0,Defensive,73.0,72,71.0,71.0,64.0,74.0,75.0,Everton,Normal,Right
25,3.2,26.0,1.0,Defensive,67.0,72,57.0,69.0,69.0,76.0,74.0,Lazio,Lean,Right
24,4.2,55.0,1.0,Forward,70.0,72,69.0,66.0,53.0,32.0,47.0,CFC,Lean,Right
25,3.0,40.0,1.0,GoalKeeper,59.0,72,49.0,14.0,26.0,20.0,20.0,AFC,Normal,Right
19,4.7,26.0,1.0,Defensive,73.0,72,63.0,79.0,65.0,68.0,67.0,MUFC,Normal,Right
25,4.0,24.0,1.0,Forward,76.0,72,64.0,66.0,60.0,28.0,17.0,Frankfurt,Lean,Left
23,4.1,35.0,1.0,Midfield,67.0,72,66.0,65.0,55.0,68.0,63.0,Monaco,Lean,Left
20,6.0,58.0,1.0,Midfield,78.0,72,75.0,66.0,34.0,62.0,48.0,FCB,Normal,Left
20,5.5,33.0,1.0,Defensive,71.0,72,72.0,65.0,73.0,75.0,72.0,Spurs,Lean,Right
21,4.2,22.0,1.0,Midfield,52.0,72,57.0,51.0,70.0,68.0,66.0,Lazio,Normal,Right
38,210.0,28.0,2.0,GoalKeeper,46.0,72,40.0,26.0,15.0,12.0,11.0,CFC,Normal,Right
28,1.7,16.0,2.0,GoalKeeper,38.0,71,45.0,44.0,8.0,12.0,14.0,Frankfurt,Normal,Right
18,3.4,8.0,1.0,Defensive,69.0,71,51.0,65.0,72.0,73.0,69.0,Frankfurt,Normal,Left
21,3.8,43.0,1.0,Midfield,62.0,71,51.0,71.0,72.0,69.0,64.0,MUFC,Lean,Right
19,4.0,20.0,1.0,Midfield,66.0,71,65.0,69.0,64.0,69.0,64.0,AFC,Lean,Right
21,3.3,38.0,1.0,Defensive,73.0,71,79.0,69.0,59.0,70.0,66.0,MCFC,Lean,Left
20,4.5,38.0,1.0,Midfield,82.0,71,70.0,69.0,38.0,66.0,60.0,AFC,Lean,Right
20,3.9,37.0,1.0,Forward,67.0,70,67.0,65.0,64.0,15.0,22.0,LFC,Lean,Right
20,3.9,13.0,1.0,Midfield,67.0,70,82.0,76.0,29.0,47.0,44.0,Hoffenheim,Lean,Right
18,3.7,25.0,1.0,Forward,89.0,70,74.0,55.0,39.0,37.0,37.0,Hoffenheim,Lean,Right
17,3.5,8.0,1.0,Midfield,69.0,70,86.0,54.0,45.0,23.0,23.0,Valencia,Lean,Left
19,3.8,15.0,1.0,Midfield,85.0,70,68.0,68.0,53.0,30.0,28.0,Monaco,Normal,Right
20,3.4,31.0,1.0,Midfield,63.0,70,71.0,52.0,52.0,46.0,52.0,Everton,Lean,Left
17,3.5,25.0,1.0,Forward,86.0,70,71.0,57.0,53.0,33.0,36.0,CFC,Lean,Right
26,1.5,16.0,1.0,Defensive,78.0,70,77.0,66.0,59.0,71.0,71.0,Frankfurt,Normal,Left
22,2.4,24.0,1.0,Midfield,60.0,70,59.0,68.0,70.0,76.0,70.0,Monaco,Lean,Right
21,2.4,17.0,1.0,Midfield,69.0,70,61.0,76.0,60.0,62.0,60.0,Lazio,Stocky,Right
22,1.4,19.0,1.0,Forward,77.0,69,66.0,38.0,54.0,25.0,23.0,Lazio,Normal,Right
18,2.2,11.0,1.0,Forward,78.0,69,60.0,66.0,65.0,20.0,16.0,BVB,Lean,Right
21,1.6,28.0,1.0,Midfield,66.0,69,78.0,54.0,31.0,54.0,49.0,Frankfurt,Lean,Left
21,1.6,21.0,1.0,Defensive,77.0,69,81.0,66.0,62.0,70.0,69.0,Spurs,Lean,Right
19,1.6,20.0,1.0,Defensive,84.0,69,85.0,67.0,54.0,68.0,68.0,FCB,Lean,Right
18,2.1,24.0,1.0,Midfield,63.0,69,84.0,53.0,49.0,57.0,53.0,FCB,Lean,Right
26,1.0,34.0,2.0,Defensive,58.0,69,66.0,64.0,62.0,73.0,72.0,AFC,Lean,Right
20,1.6,10.0,1.0,Defensive,67.0,69,60.0,67.0,58.0,72.0,69.0,Hoffenheim,Lean,Left
23,1.4,13.0,1.0,Midfield,79.0,69,73.0,74.0,45.0,36.0,43.0,Hoffenheim,Normal,Right
21,1.4,10.0,1.0,Defensive,54.0,69,58.0,63.0,66.0,75.0,73.0,Hoffenheim,Lean,Right
21,1.7,28.0,1.0,Defensive,66.0,69,57.0,61.0,64.0,72.0,68.0,MCFC,Normal,Right
18,2.2,24.0,1.0,Forward,78.0,69,84.0,58.0,30.0,23.0,21.0,MCFC,Normal,Right
21,1.4,28.0,1.0,Defensive,74.0,68,71.0,72.0,59.0,68.0,68.0,RM,Normal,Left
24,1.0,23.0,1.0,Defensive,68.0,68,55.0,59.0,64.0,70.0,66.0,Everton,Normal,Right
20,1.8,21.0,1.0,Defensive,52.0,68,39.0,64.0,66.0,74.0,72.0,AFC,Normal,Right
21,1.2,21.0,1.0,Defensive,71.0,68,69.0,61.0,62.0,68.0,70.0,AFC,Lean,Right
17,1.8,8.0,1.0,Midfield,74.0,68,84.0,51.0,43.0,37.0,38.0,BVB,Lean,Left
33,450.0,9.0,1.0,GoalKeeper,42.0,68,35.0,39.0,14.0,12.0,14.0,Frankfurt,Normal,Left
17,1.7,11.0,1.0,Forward,61.0,67,48.0,60.0,59.0,12.0,15.0,Monaco,Normal,Right
20,1.1,5.0,1.0,GoalKeeper,20.0,67,37.0,20.0,10.0,10.0,11.0,Valencia,Lean,Right
21,1.3,12.0,1.0,Forward,67.0,67,46.0,59.0,64.0,26.0,24.0,Lazio,Normal,Right
17,1.5,15.0,1.0,Midfield,75.0,67,90.0,57.0,51.0,38.0,35.0,MUFC,Lean,Right
19,1.5,14.0,1.0,Midfield,58.0,67,63.0,74.0,64.0,63.0,61.0,FCB,Lean,Right
18,1.6,21.0,1.0,Forward,69.0,67,61.0,68.0,62.0,12.0,12.0,FCB,Normal,Right
22,850.0,20.0,1.0,Defensive,71.0,67,63.0,65.0,61.0,70.0,70.0,Everton,Lean,Left
19,1.5,10.0,1.0,Midfield,51.0,67,70.0,56.0,55.0,65.0,68.0,Everton,Lean,Right
21,1.2,24.0,1.0,Defensive,55.0,67,51.0,68.0,66.0,67.0,65.0,RM,Lean,Right
21,975.0,17.0,1.0,Midfield,63.0,66,65.0,74.0,55.0,61.0,66.0,LFC,Lean,Right
18,1.2,12.0,1.0,Defensive,65.0,66,60.0,69.0,56.0,69.0,67.0,FCB,Lean,Left
17,1.1,10.0,1.0,Midfield,76.0,66,69.0,62.0,60.0,68.0,66.0,MCFC,Lean,Right
20,725.0,8.0,1.0,GoalKeeper,32.0,66,35.0,42.0,16.0,16.0,17.0,Monaco,Normal,Right
20,1.0,4.0,1.0,GoalKeeper,26.0,66,24.0,21.0,13.0,15.0,15.0,Hoffenheim,Normal,Right
20,1.2,26.0,1.0,Forward,73.0,66,71.0,63.0,58.0,39.0,26.0,RM,Lean,Right
18,1.5,8.0,1.0,Midfield,76.0,66,92.0,47.0,39.0,31.0,28.0,Monaco,Lean,Right
22,700.0,10.0,1.0,GoalKeeper,59.0,66,45.0,34.0,14.0,17.0,20.0,Monaco,Lean,Right
22,1.1,11.0,1.0,Midfield,69.0,66,80.0,48.0,44.0,39.0,34.0,Atleti,Normal,Right
20,1.0,8.0,1.0,Midfield,69.0,66,74.0,67.0,49.0,63.0,61.0,BVB,Lean,Left
18,1.1,13.0,1.0,Forward,78.0,65,56.0,63.0,50.0,46.0,42.0,MUFC,Lean,Left
34,220.0,6.0,1.0,GoalKeeper,44.0,65,32.0,41.0,11.0,19.0,10.0,Hoffenheim,Normal,Right
21,1.2,13.0,1.0,Midfield,59.0,65,71.0,72.0,44.0,66.0,61.0,Spurs,Lean,Left
20,1.2,23.0,1.0,Forward,68.0,65,78.0,62.0,49.0,23.0,20.0,RM,Normal,Right
21,875.0,20.0,1.0,Midfield,65.0,65,77.0,64.0,44.0,51.0,47.0,RM,Lean,Right
21,875.0,15.0,1.0,Midfield,65.0,65,73.0,60.0,49.0,48.0,49.0,AFC,Lean,Right
19,1.0,11.0,1.0,Midfield,60.0,65,60.0,66.0,64.0,54.0,53.0,MUFC,Normal,Left
19,1.2,11.0,1.0,Midfield,70.0,65,66.0,65.0,54.0,35.0,40.0,MUFC,Lean,Left
18,1.1,8.0,1.0,Forward,74.0,65,66.0,61.0,59.0,17.0,14.0,Monaco,Lean,Right
19,1.0,11.0,1.0,Defensive,57.0,65,61.0,62.0,60.0,65.0,63.0,FCB,Lean,Right
18,850.0,11.0,1.0,Defensive,57.0,65,64.0,66.0,67.0,66.0,63.0,FCB,Normal,Left
22,600.0,8.0,1.0,Defensive,66.0,65,60.0,73.0,61.0,68.0,68.0,Lazio,Normal,Left
21,700.0,5.0,1.0,Defensive,53.0,65,63.0,51.0,62.0,69.0,66.0,Valencia,Normal,Right
20,675.0,13.0,1.0,Defensive,70.0,64,70.0,71.0,60.0,64.0,61.0,MUFC,Normal,Right
19,875.0,9.0,1.0,Defensive,78.0,64,72.0,61.0,56.0,61.0,62.0,RM,Lean,Right
18,700.0,3.0,1.0,Defensive,60.0,64,57.0,64.0,57.0,62.0,62.0,Valencia,Lean,Left
19,975.0,13.0,1.0,Forward,69.0,64,75.0,62.0,49.0,55.0,56.0,FCB,Normal,Right
18,825.0,9.0,1.0,Defensive,79.0,64,89.0,66.0,44.0,58.0,59.0,RM,Normal,Left
18,925.0,7.0,1.0,Midfield,63.0,64,51.0,65.0,45.0,64.0,55.0,Spurs,Lean,Right
19,875.0,8.0,1.0,Defensive,72.0,64,59.0,41.0,63.0,68.0,66.0,MUFC,Normal,Right
16,1.0,5.0,1.0,Forward,85.0,64,60.0,53.0,56.0,21.0,19.0,Monaco,Lean,Right
18,925.0,3.0,1.0,Midfield,63.0,64,69.0,54.0,58.0,55.0,47.0,Valencia,Normal,Right
17,975.0,10.0,1.0,Forward,78.0,64,68.0,61.0,36.0,30.0,31.0,AFC,Lean,Right
17,800.0,6.0,1.0,Midfield,66.0,64,61.0,74.0,51.0,64.0,55.0,Spurs,Normal,Right
20,775.0,8.0,1.0,Defensive,62.0,64,69.0,59.0,60.0,69.0,68.0,Monaco,Lean,Left
22,525.0,6.0,1.0,GoalKeeper,39.0,64,27.0,29.0,25.0,17.0,16.0,BVB,Normal,Right
19,975.0,10.0,1.0,Forward,87.0,64,72.0,54.0,51.0,19.0,15.0,AFC,Lean,Right
18,950.0,5.0,1.0,Forward,68.0,64,70.0,55.0,64.0,27.0,24.0,Atleti,Normal,Right
19,875.0,4.0,1.0,Defensive,58.0,64,66.0,63.0,61.0,65.0,64.0,Atleti,Lean,Left
19,700.0,9.0,1.0,Defensive,61.0,64,64.0,66.0,68.0,65.0,67.0,RM,Normal,Right
18,750.0,7.0,1.0,Midfield,72.0,63,73.0,54.0,33.0,20.0,22.0,Valencia,Lean,Right
19,700.0,4.0,1.0,Midfield,72.0,63,78.0,63.0,44.0,21.0,20.0,Atleti,Normal,Left
19,800.0,3.0,1.0,Forward,69.0,63,77.0,51.0,47.0,31.0,29.0,Hoffenheim,Lean,Right
20,725.0,5.0,1.0,Defensive,60.0,63,64.0,55.0,73.0,66.0,62.0,Atleti,Normal,Right
22,425.0,12.0,1.0,Defensive,88.0,63,67.0,64.0,45.0,57.0,59.0,AFC,Lean,Left
21,525.0,10.0,1.0,GoalKeeper,41.0,63,45.0,41.0,17.0,17.0,15.0,FCB,Lean,Right
19,800.0,12.0,1.0,Forward,66.0,63,65.0,51.0,58.0,12.0,15.0,RM,Normal,Right
19,700.0,10.0,1.0,Forward,75.0,63,73.0,62.0,51.0,16.0,16.0,MUFC,Lean,Right
20,625.0,5.0,1.0,Defensive,64.0,63,64.0,69.0,60.0,63.0,61.0,Atleti,Lean,Right
21,500.0,4.0,1.0,Midfield,58.0,63,64.0,45.0,38.0,31.0,39.0,Valencia,Normal,Left
20,800.0,6.0,1.0,Midfield,66.0,63,66.0,51.0,45.0,48.0,47.0,Atleti,Normal,Right
21,575.0,7.0,1.0,Defensive,84.0,63,87.0,66.0,58.0,56.0,58.0,Monaco,Lean,Right
19,650.0,3.0,1.0,Forward,66.0,62,62.0,60.0,63.0,16.0,14.0,Hoffenheim,Normal,Right
18,500.0,1.0,1.0,GoalKeeper,42.0,62,48.0,25.0,14.0,10.0,14.0,Valencia,Normal,Right
18,625.0,7.0,1.0,Forward,58.0,62,62.0,56.0,61.0,21.0,19.0,Everton,Normal,Right
18,625.0,1.0,1.0,Forward,63.0,62,80.0,53.0,51.0,19.0,15.0,Lazio,Normal,Left
17,550.0,6.0,1.0,Defensive,56.0,62,57.0,49.0,60.0,63.0,61.0,MCFC,Lean,Right
20,425.0,5.0,1.0,Defensive,67.0,62,73.0,63.0,52.0,61.0,61.0,Atleti,Lean,Right
16,450.0,2.0,1.0,Midfield,62.0,62,74.0,62.0,60.0,62.0,65.0,Monaco,Lean,Right
18,700.0,8.0,1.0,Forward,78.0,62,77.0,57.0,55.0,17.0,17.0,LFC,Lean,Right
17,550.0,4.0,1.0,Defensive,48.0,62,42.0,62.0,59.0,63.0,56.0,Monaco,Normal,Left
20,350.0,9.0,1.0,GoalKeeper,33.0,62,49.0,38.0,12.0,11.0,13.0,RM,Normal,Right
21,575.0,9.0,1.0,Midfield,69.0,62,68.0,61.0,44.0,60.0,53.0,Spurs,Lean,Left
19,575.0,3.0,1.0,Midfield,69.0,62,73.0,54.0,37.0,32.0,28.0,Valencia,Lean,Left
19,600.0,6.0,1.0,Defensive,65.0,62,63.0,65.0,60.0,65.0,58.0,MCFC,Normal,Right
17,550.0,7.0,1.0,Midfield,64.0,61,71.0,53.0,50.0,49.0,47.0,LFC,Lean,Right
18,525.0,7.0,1.0,Midfield,68.0,61,72.0,63.0,41.0,55.0,51.0,AFC,Lean,Right
21,425.0,9.0,1.0,Defensive,52.0,61,57.0,59.0,62.0,62.0,59.0,LFC,Lean,Right
18,475.0,2.0,1.0,Defensive,52.0,61,69.0,48.0,59.0,62.0,63.0,Valencia,Lean,Right
18,525.0,7.0,1.0,Midfield,82.0,61,69.0,54.0,51.0,55.0,43.0,MCFC,Normal,Right
21,375.0,9.0,1.0,Midfield,56.0,61,69.0,50.0,58.0,58.0,59.0,Everton,Lean,Right
19,450.0,2.0,1.0,GoalKeeper,22.0,61,48.0,45.0,13.0,12.0,13.0,Atleti,Normal,Right
18,525.0,7.0,1.0,Midfield,69.0,61,75.0,41.0,48.0,44.0,38.0,LFC,Lean,Right
19,450.0,4.0,1.0,GoalKeeper,33.0,61,51.0,27.0,11.0,10.0,11.0,FCB,Lean,Right
21,425.0,6.0,1.0,Forward,61.0,61,60.0,55.0,62.0,22.0,23.0,Atleti,Lean,Right
22,260.0,4.0,1.0,GoalKeeper,41.0,61,48.0,22.0,19.0,15.0,14.0,Lazio,Normal,Right
19,450.0,3.0,1.0,GoalKeeper,44.0,61,40.0,29.0,10.0,12.0,13.0,MCFC,Normal,Right
19,450.0,3.0,1.0,GoalKeeper,34.0,61,41.0,26.0,14.0,13.0,14.0,Spurs,Lean,Right
20,450.0,10.0,1.0,Forward,75.0,61,70.0,63.0,57.0,16.0,12.0,Spurs,Lean,Left
19,550.0,7.0,1.0,Forward,77.0,61,73.0,48.0,46.0,13.0,19.0,Spurs,Normal,Right
17,550.0,7.0,1.0,Midfield,66.0,61,82.0,50.0,50.0,45.0,47.0,CFC,Lean,Right
18,525.0,8.0,1.0,Forward,65.0,61,60.0,50.0,51.0,21.0,17.0,CFC,Lean,Right
19,450.0,7.0,1.0,Forward,75.0,60,74.0,55.0,49.0,35.0,30.0,LFC,Normal,Left
18,425.0,2.0,1.0,Midfield,54.0,60,69.0,50.0,49.0,49.0,50.0,Hoffenheim,Lean,Right
19,450.0,3.0,1.0,Midfield,68.0,60,67.0,62.0,43.0,39.0,40.0,BVB,Lean,Left
19,400.0,2.0,1.0,Defensive,55.0,60,58.0,55.0,59.0,63.0,61.0,Frankfurt,Lean,Right
18,375.0,2.0,1.0,Defensive,67.0,60,68.0,60.0,50.0,64.0,62.0,Frankfurt,Lean,Left
19,450.0,1.0,1.0,Midfield,56.0,60,66.0,54.0,57.0,42.0,34.0,Lazio,Normal,Right
20,400.0,4.0,1.0,Forward,67.0,60,69.0,51.0,53.0,15.0,16.0,Hoffenheim,Lean,Left
19,450.0,6.0,1.0,Forward,73.0,60,77.0,51.0,60.0,17.0,16.0,Everton,Normal,Right
19,375.0,3.0,1.0,Forward,67.0,60,78.0,54.0,47.0,15.0,39.0,Frankfurt,Stocky,Left
17,375.0,5.0,1.0,Defensive,54.0,60,57.0,58.0,55.0,70.0,63.0,AFC,Lean,Right
17,400.0,7.0,1.0,Forward,74.0,60,75.0,60.0,50.0,33.0,29.0,MCFC,Lean,Left
22,325.0,5.0,1.0,Midfield,59.0,60,67.0,57.0,51.0,51.0,47.0,Atleti,Lean,Right
17,350.0,6.0,1.0,Midfield,64.0,59,74.0,54.0,40.0,55.0,52.0,CFC,Lean,Left
19,280.0,3.0,1.0,GoalKeeper,40.0,59,41.0,29.0,12.0,19.0,13.0,LFC,Lean,Right
18,260.0,2.0,1.0,GoalKeeper,50.0,59,33.0,16.0,10.0,10.0,11.0,Everton,Normal,Right
21,250.0,8.0,1.0,Midfield,70.0,59,80.0,56.0,49.0,62.0,61.0,LFC,Lean,Right
18,325.0,4.0,1.0,Forward,66.0,59,79.0,51.0,51.0,11.0,16.0,Atleti,Normal,Right
17,300.0,2.0,1.0,Midfield,65.0,59,78.0,54.0,47.0,60.0,57.0,Frankfurt,Lean,Right
17,300.0,3.0,1.0,Midfield,78.0,59,87.0,53.0,33.0,22.0,24.0,BVB,Lean,Left
17,300.0,4.0,1.0,Forward,74.0,59,80.0,48.0,42.0,25.0,28.0,Atleti,Lean,Left
17,230.0,4.0,1.0,Defensive,58.0,58,58.0,56.0,56.0,60.0,59.0,CFC,Normal,Right
18,230.0,2.0,1.0,Defensive,69.0,58,80.0,56.0,52.0,66.0,61.0,Hoffenheim,Lean,Right
17,250.0,3.0,1.0,Midfield,67.0,58,69.0,49.0,43.0,26.0,24.0,BVB,Normal,Right
19,240.0,4.0,1.0,Defensive,74.0,58,65.0,65.0,44.0,54.0,56.0,AFC,Lean,Right
18,220.0,3.0,1.0,Forward,69.0,57,54.0,55.0,54.0,28.0,20.0,BVB,Lean,Left
18,210.0,6.0,1.0,Midfield,70.0,57,71.0,59.0,48.0,53.0,49.0,MCFC,Normal,Right
18,150.0,2.0,1.0,GoalKeeper,28.0,56,28.0,20.0,10.0,10.0,14.0,CFC,Lean,Right
20,120.0,6.0,1.0,GoalKeeper,44.0,54,41.0,42.0,17.0,21.0,17.0,MCFC,Lean,Right
